{"playerScore":0,"playerPosition":{"x":-13.897638320922852,"y":-0.8994244337081909,"z":0.0}}