{"playerScore":0,"playerPosition":{"x":-12.04891586303711,"y":-0.8994244337081909,"z":0.0}}