{"playerScore":0,"playerPosition":{"x":-15.420717239379883,"y":-0.8994244337081909,"z":0.0}}