{"playerScore":0,"playerPosition":{"x":-14.360917091369629,"y":-0.8994244337081909,"z":0.0}}